week_end,pruid,prename,prfname,numtotal_atleast1dose,numtotal_partially,numtotal_fully,numtotal_onlyfully,numtotal_additional,numtotal_1additional,numtotal_2nd_additional,numtotal_recent_fullyoradditional,proptotal_atleast1dose,proptotal_partially,proptotal_fully,proptotal_onlyfully,proptotal_additional,proptotal_1additional,proptotal_2nd_additional,proptotal_recent_fullyoradditional,num18plus_atleast1dose,num18plus_partially,num18plus_fully,num18plus_onlyfully,num18plus_additional,num18plus_1additional,num18plus_2nd_additional,num18plus_recent_fullyoradditional,prop18plus_atleast1dose,prop18plus_partially,prop18plus_fully,prop18plus_onlyfully,prop18plus_additional,prop18plus_1additional,prop18plus_2nd_additional,prop18plus_recent_fullyoradditional,num5plus_atleast1dose,num5plus_partially,num5plus_fully,num5plus_onlyfully,num5plus_additional,num5plus_1additional,num5plus_2nd_additional,num5plus_recent_fullyoradditional,prop5plus_atleast1dose,prop5plus_partially,prop5plus_fully,prop5plus_onlyfully,prop5plus_additional,prop5plus_1additional,prop5plus_2nd_additional,prop5plus_recent_fullyoradditional,num12plus_atleast1dose,num12plus_partially,num12plus_fully,num12plus_onlyfully,num12plus_additional,num12plus_1additional,num12plus_2nd_additional,num12plus_recent_fullyoradditional,prop12plus_atleast1dose,prop12plus_partially,prop12plus_fully,prop12plus_onlyfully,prop12plus_additional,prop12plus_1additional,prop12plus_2nd_additional,prop12plus_recent_fullyoradditional
,1,Canada,Canada,12368,12368,0,,,,,,0.1,0.1,0,,,,,,,,,,,,,,,,,,,,,,,,,,,,,,,,,,,,,,,,,,,,,,,,,,,,,
12/26/2020,1,Canada,Canada,46180,46180,0,,,,,,0.2,0.2,0,,,,,,,,,,,,,,,,,,,,,,,,,,,,,,,,,,,,,,,,,,,,,,,,,,,,,
1/2/2021,1,Canada,Canada,82530,82530,0,,,,,,0.4,0.4,0,,,,,,,,,,,,,,,,,,,,,,,,,,,,,,,,,,,,,,,,,,,,,,,,,,,,,
1/9/2021,1,Canada,Canada,217393,212866,4527,,,,,,0.9,0.9,<0.1,,,,,,,,,,,,,,,,,,,,,,,,,,,,,,,,,,,,,,,,,,,,,,,,,,,,,
1/16/2021,1,Canada,Canada,564976,538207,26769,,,,,,1.5,1.4,0.1,,,,,,,,,,,,,,,,,,,,,,,,,,,,,,,,,,,,,,,,,,,,,,,,,,,,,
1/23/2021,1,Canada,Canada,775546,716237,59309,,,,,,2,1.9,0.2,,,,,,,,,,,,,,,,,,,,,,,,,,,,,,,,,,,,,,,,,,,,,,,,,,,,,
1/30/2021,1,Canada,Canada,859297,745635,113662,,,,,,2.2,1.9,0.3,,,,,,,,,,,,,,,,,,,,,,,,,,,,,,,,,,,,,,,,,,,,,,,,,,,,,
2/6/2021,1,Canada,Canada,901485,727674,173811,,,,,,2.4,1.9,0.5,,,,,,,,,,,,,,,,,,,,,,,,,,,,,,,,,,,,,,,,,,,,,,,,,,,,,
2/13/2021,1,Canada,Canada,973111,665732,307379,,,,,,2.5,1.7,0.8,,,,,,,,,,,,,,,,,,,,,,,,,,,,,,,,,,,,,,,,,,,,,,,,,,,,,
2/20/2021,1,Canada,Canada,1086633,651343,435290,,,,,,2.8,1.7,1.1,,,,,,,,,,,,,,,,,,,,,,,,,,,,,,,,,,,,,,,,,,,,,,,,,,,,,
2/27/2021,1,Canada,Canada,1381587,843166,538421,,,,,,3.6,2.2,1.4,,,,,,,,,,,,,,,,,,,,,,,,,,,,,,,,,,,,,,,,,,,,,,,,,,,,,
3/6/2021,1,Canada,Canada,1854986,1281301,573685,,,,,,4.9,3.4,1.5,,,,,,,,,,,,,,,,,,,,,,,,,,,,,,,,,,,,,,,,,,,,,,,,,,,,,
3/13/2021,1,Canada,Canada,2500228,1902439,597789,,,,,,6.5,5,1.6,,,,,,,,,,,,,,,,,,,,,,,,,,,,,,,,,,,,,,,,,,,,,,,,,,,,,
3/20/2021,1,Canada,Canada,3402972,2772562,630410,,,,,,8.9,7.2,1.6,,,,,,,,,,,,,,,,,,,,,,,,,,,,,,,,,,,,,,,,,,,,,,,,,,,,,
3/27/2021,1,Canada,Canada,4533249,3865181,668068,,,,,,11.9,10.1,1.7,,,,,,,,,,,,,,,,,,,,,,,,,,,,,,,,,,,,,,,,,,,,,,,,,,,,,
4/3/2021,1,Canada,Canada,5788634,5072503,716131,,,,,,15.1,13.3,1.9,,,,,,,,,,,,,,,,,,,,,,,,,,,,,,,,,,,,,,,,,,,,,,,,,,,,,
4/10/2021,1,Canada,Canada,7339820,6520782,819038,,,,,,19.2,17.1,2.1,,,,,,,,,,,,,,,,,,,,,,,,,,,,,,,,,,,,,,,,,,,,,,,,,,,,,
4/17/2021,1,Canada,Canada,9195645,8265443,930202,,,,,,24,21.6,2.4,,,,,,,,,,,,,,,,,,,,,,,,,,,,,,,,,,,,,,,,,,,,,,,,,,,,,
4/24/2021,1,Canada,Canada,11133205,10112616,1020589,,,,,,29.1,26.4,2.7,,,,,,,,,,,,,,,,,,,,,,,,,,,,,,,,,,,,,,,,,,,,,,,,,,,,,
5/1/2021,1,Canada,Canada,12780218,11656401,1123817,,,,,,33.4,30.5,2.9,,,,,,,,,,,,,,,,,,,,,,,,,,,,,,,,,,,,,,,,,,,,,,,,,,,,,
5/8/2021,1,Canada,Canada,14772959,13519830,1253129,,,,,,38.6,35.4,3.3,,,,,,,,,,,,,,,,,,,,,,,,,,,,,,,,,,,,,,,,,,,,,,,,,,,,,
5/15/2021,1,Canada,Canada,17141219,15622702,1518517,,,,,,44.8,40.8,4,,,,,,,,,,,,,,,,,,,,,,,,,,,,,,,,,,,,,,,,,,,,,,,,,,,,,
5/22/2021,1,Canada,Canada,19234013,17479116,1754897,,,,,,50.3,45.7,4.6,,,,,,,,,,,,,,,,,,,,,,,,,,,,,,,,,,,,,,,,,,,,,,,,,,,,,
5/29/2021,1,Canada,Canada,21582639,19413209,2169430,,,,,,56.4,50.8,5.7,,,,,,,,,,,,,,,,,,,,,,,,,,,,,,,,,,,,,,,,,,,,,,,,,,,,,
6/5/2021,1,Canada,Canada,23312585,19961069,3050633,,,,,,61,52.2,8,,,,,,22350699,19025266,3033452,,,,,,72.1,61.3,9.8,,,,,,23290407,19943355,3045286,,,,,,64.1,54.8,8.4,,,,,,23283789,19936747,3045286,,,,,,69.5,59.5,9.1,,,,,
6/12/2021,1,Canada,Canada,24407848,19218955,4871473,,,,,,63.8,50.3,12.7,,,,,,23095510,17950576,4841741,,,,,,74.5,57.9,15.6,,,,,,24385588,19200453,4868402,,,,,,67.1,52.8,13.4,,,,,,24377067,19191944,4868401,,,,,,72.8,57.3,14.5,,,,,
6/19/2021,1,Canada,Canada,25037600,17389146,7331351,,,,,,65.5,45.5,19.2,,,,,,23526895,15954747,7272548,,,,,,75.9,51.4,23.4,,,,,,25015707,17371530,7326303,,,,,,68.8,47.8,20.1,,,,,,25006394,17362241,7326297,,,,,,74.7,51.9,21.9,,,,,
6/26/2021,1,Canada,Canada,25455441,14834254,10321754,,,,,,66.6,38.8,27,,,,,,23855150,13363275,10212521,,,,,,76.9,43.1,32.9,,,,,,25431453,14817364,10313753,,,,,,69.9,40.7,28.4,,,,,,25421316,14807262,10313737,,,,,,75.9,44.2,30.8,,,,,
7/3/2021,1,Canada,Canada,25811697,11888635,13647205,,,,,,67.5,31.1,35.7,,,,,,24156702,10499424,13404524,,,,,,77.9,33.9,43.2,,,,,,25787127,11874804,13637415,,,,,,70.9,32.7,37.5,,,,,,25776771,11864505,13637379,,,,,,77,35.4,40.7,,,,,
7/10/2021,1,Canada,Canada,26130388,9268829,16623230,,,,,,68.3,24.2,43.5,,,,,,24429541,8015298,16204209,,,,,,78.8,25.8,52.2,,,,,,26099057,9256659,16610700,,,,,,71.8,25.5,45.7,,,,,,26088387,9246160,16610551,,,,,,77.9,27.6,49.6,,,,,
7/17/2021,1,Canada,Canada,26430223,7121570,19105450,,,,,,69.1,18.6,50,,,,,,24670300,6058348,18436468,,,,,,79.5,19.5,59.4,,,,,,26386538,7107316,19083275,,,,,,72.6,19.5,52.5,,,,,,26375791,7097241,19082624,,,,,,78.8,21.2,57,,,,,
7/24/2021,1,Canada,Canada,26690606,5349832,21175428,,,,,,69.8,14,55.4,,,,,,24889699,4512124,20236945,,,,,,80.3,14.5,65.2,,,,,,26645846,5336976,21150535,,,,,,73.3,14.7,58.2,,,,,,26635177,5328661,21148202,,,,,,79.5,15.9,63.2,,,,,
7/31/2021,1,Canada,Canada,26928712,4169628,22623991,,,,,,70.4,10.9,59.2,,,,,,25087025,3524278,21448269,,,,,,80.9,11.4,69.2,,,,,,26884201,4157541,22597604,,,,,,73.9,11.4,62.1,,,,,,26873701,4151326,22593340,,,,,,80.3,12.4,67.5,,,,,
8/7/2021,1,Canada,Canada,27117595,3604460,23513135,,,,,,70.9,9.4,61.5,,,,,,25250406,3066527,22183879,,,,,,81.4,9.9,71.5,,,,,,27078334,3592860,23485474,,,,,,74.5,9.9,64.6,,,,,,27067893,3588028,23479865,,,,,,80.8,10.7,70.1,,,,,
8/14/2021,1,Canada,Canada,27314265,3049220,24265045,,,,,,71.4,8,63.4,,,,,,25416869,2616137,22800732,,,,,,82,8.4,73.5,,,,,,27274583,3037575,24237008,,,,,,75,8.4,66.7,,,,,,27264328,3034230,24230098,,,,,,81.4,9.1,72.4,,,,,
8/21/2021,1,Canada,Canada,27524517,2639269,24885248,,,,,,72,6.9,65.1,,,,,,25584264,2288809,23295455,,,,,,82.5,7.4,75.1,,,,,,27473452,2617278,24856174,,,,,,75.6,7.2,68.4,,,,,,27463142,2614313,24848829,,,,,,82,7.8,74.2,,,,,
8/28/2021,1,Canada,Canada,27764397,2377631,25386766,,,,,,72.6,6.2,66.4,,,,,,25779665,2068913,23710752,,,,,,83.1,6.7,76.5,,,,,,27703856,2347779,25356077,,,,,,76.2,6.5,69.7,,,,,,27692728,2344221,25348507,,,,,,82.7,7,75.7,,,,,
9/4/2021,1,Canada,Canada,28014962,2235186,25779776,,,,,,73.3,5.8,67.4,,,,,,25993131,1944201,24048930,,,,,,83.8,6.3,77.5,,,,,,27950453,2201618,25748835,,,,,,76.9,6.1,70.8,,,,,,27938503,2197151,25741352,,,,,,83.4,6.6,76.9,,,,,
9/11/2021,1,Canada,Canada,28264693,2144184,26120509,,,,,,73.9,5.6,68.3,,,,,,26211052,1865042,24346010,,,,,,84.5,6,78.5,,,,,,28198576,2111580,26086996,,,,,,77.6,5.8,71.7,,,,,,28186709,2107106,26079603,,,,,,84.2,6.3,77.9,,,,,
9/18/2021,1,Canada,Canada,28573682,2086416,26487266,,,,,,74.7,5.5,69.3,,,,,,26485697,1817966,24667731,,,,,,85.4,5.9,79.5,,,,,,28508638,2058817,26449821,,,,,,78.4,5.7,72.7,,,,,,28496936,2054374,26442562,,,,,,85.1,6.1,79,,,,,
9/25/2021,1,Canada,Canada,28845645,1998708,26846937,,,,,,75.4,5.2,70.2,,,,,,26727789,1745900,24981889,,,,,,86.2,5.6,80.5,,,,,,28782071,1976397,26805674,,,,,,79.2,5.4,73.7,,,,,,28770643,1972452,26798191,,,,,,85.9,5.9,80,,,,,
10/2/2021,1,Canada,Canada,29065767,1884323,27181444,,,,,,76,4.9,71.1,,,,,,26923941,1649970,25273971,,,,,,86.8,5.3,81.5,,,,,,29002432,1865801,27136631,,,,,,79.8,5.1,74.6,,,,,,28991463,1862557,27128906,,,,,,86.6,5.6,81,,,,,
10/9/2021,1,Canada,Canada,29274268,1779582,27494686,,,,,,76.5,4.7,71.9,,,,,,27106680,1560460,25546220,,,,,,87.4,5,82.4,,,,,,29206644,1762100,27444544,,,,,,80.3,4.8,75.5,,,,,,29196287,1759258,27437029,,,,,,87.2,5.3,81.9,,,,,
10/16/2021,1,Canada,Canada,29434261,1655094,27779167,,,,,,77,4.3,72.6,,,,,,27249639,1452938,25796701,,,,,,87.9,4.7,83.2,,,,,,29366455,1639219,27727236,,,,,,80.8,4.5,76.3,,,,,,29356587,1636727,27719860,,,,,,87.7,4.9,82.8,,,,,
10/23/2021,1,Canada,Canada,29586960,1507164,28079796,,,,,,77.4,3.9,73.4,,,,,,27385287,1324630,26060657,,,,,,88.3,4.3,84,,,,,,29517063,1492070,28024993,,,,,,81.2,4.1,77.1,,,,,,29507933,1489980,28017953,,,,,,88.1,4.4,83.7,,,,,
10/30/2021,1,Canada,Canada,29697815,1373260,28324555,,,,,,77.7,3.6,74.1,,,,,,27486170,1206712,26279458,,,,,,88.6,3.9,84.7,,,,,,29628098,1358849,28269249,,,,,,81.5,3.7,77.7,,,,,,29619663,1357124,28262539,,,,,,88.5,4.1,84.4,,,,,
11/6/2021,1,Canada,Canada,29790358,1272110,28518248,,,,,,77.9,3.3,74.6,,,,,,27569753,1117859,26451894,,,,,,88.9,3.6,85.3,,,,,,29720691,1258104,28462587,,,,,,81.7,3.5,78.3,,,,,,29712975,1256663,28456312,,,,,,88.7,3.8,85,,,,,
11/13/2021,1,Canada,Canada,29876775,1183455,28693320,,,,,,78.1,3.1,75,,,,,,27647939,1039981,26607958,,,,,,89.1,3.4,85.8,,,,,,29807224,1169945,28637279,,,,,,82,3.2,78.8,,,,,,29800244,1168719,28631525,,,,,,89,3.5,85.5,,,,,
11/20/2021,1,Canada,Canada,29970720,1102010,28868710,,,,,,78.4,2.9,75.5,,,,,,27730631,968005,26762626,,,,,,89.4,3.1,86.3,,,,,,29897864,1089668,28808196,,,,,,82.2,3,79.2,,,,,,29891628,1088610,28803018,,,,,,89.3,3.3,86,,,,,
11/27/2021,1,Canada,Canada,30222831,1203890,29018941,,,,,,79,3.1,75.9,,,,,,27798846,912898,26885948,,,,,,89.6,2.9,86.7,,,,,,30134536,1156519,28978017,,,,,,82.9,3.2,79.7,,,,,,29968335,1027713,28940622,,,,,,89.5,3.1,86.4,,,,,
12/4/2021,1,Canada,Canada,30608535,1525732,29082803,,,,,,80,4,76,,,,,,27888550,859092,27029458,,,,,,89.9,2.8,87.2,,,,,,30603544,1523525,29080019,,,,,,84.2,4.2,80,,,,,,30021711,970698,29051013,,,,,,89.7,2.9,86.8,,,,,
12/11/2021,1,Canada,Canada,30996389,1825183,29171206,14993895,1979642,1979642,,,81,4.8,76.3,39.2,8.7,8.7,,,27940138,833341,27106797,13747029,1977207,1977207,,,90.1,2.7,87.4,44.3,10.9,10.9,,,30991333,1822790,29168543,14991554,1979515,1979515,,,85.2,5,80.2,41.2,9.2,9.2,,,30080300,943189,29137111,14972302,1979502,1979502,,,89.8,2.8,87,44.7,10,10,,
12/18/2021,1,Canada,Canada,31285180,2021816,29263364,14049082,3036359,3036359,,,81.8,5.3,76.5,36.7,13.3,13.3,,,27996742,809409,27187333,12792240,3032834,3032834,,,90.3,2.6,87.7,41.2,16.6,16.6,,,31280493,2019760,29260733,14046768,3036141,3036141,,,86,5.6,80.5,38.6,14.1,14.1,,,30143310,918384,29224926,14026841,3036126,3036126,,,90,2.7,87.3,41.9,15.3,15.3,,
12/25/2021,1,Canada,Canada,31473380,2137086,29336294,16180170,5174746,5174746,,,82.3,5.6,76.7,42.3,18.4,18.4,,,28070267,818334,27251933,14656681,5168422,5168422,,,90.5,2.6,87.9,47.3,22.7,22.7,,,31469565,2135796,29333769,16177919,5174489,5174489,,,86.5,5.9,80.7,44.5,19.4,19.4,,,30219152,928673,29290479,16152573,5174474,5174474,,,90.3,2.8,87.5,48.2,21,21,,
1/1/2022,1,Canada,Canada,31578092,2185010,29393082,15051550,6350172,6350172,,,82.6,5.7,76.9,39.4,22.6,22.6,,,28110821,817401,27293420,13516582,6341463,6341463,,,90.6,2.6,88,43.6,27.9,27.9,,,31574274,2183705,29390569,15049282,6349944,6349944,,,86.8,6,80.8,41.4,23.8,23.8,,,30261841,928031,29333810,15011737,6349927,6349927,,,90.4,2.8,87.6,44.8,25.8,25.8,,
1/8/2022,1,Canada,Canada,31723594,2229225,29494369,13535722,7951059,7951059,,,81.5,5.7,75.8,34.8,27.7,27.7,,,28174417,814874,27359543,11973396,7938127,7938127,,,89.1,2.6,86.5,37.9,34.2,34.2,,,31719239,2227295,29491944,13533522,7950852,7950852,,,85.6,6,79.6,36.5,29.1,29.1,,,30328446,927060,29401386,13464721,7950832,7950832,,,88.8,2.7,86.1,39.4,31.6,31.6,,
1/15/2022,1,Canada,Canada,31892478,2262003,29630475,12150797,9449021,9449021,,,81.9,5.8,76.1,31.2,32.9,32.9,,,28259440,819972,27439468,10542715,9432254,9432254,,,89.4,2.6,86.8,33.3,40.6,40.6,,,31887480,2259516,29627964,12148521,9448804,9448804,,,86.1,6.1,80,32.8,34.6,34.6,,,30418118,934304,29483814,12031913,9448786,9448786,,,89.1,2.7,86.4,35.2,37.6,37.6,,
1/22/2022,1,Canada,Canada,32034623,2221892,29812731,15327161,14033088,14033088,,,82.3,5.7,76.6,39.4,36.5,36.5,,,28340520,821821,27518699,13089399,14009163,14009163,,,89.6,2.6,87,41.4,44.9,44.9,,,32029607,2219234,29810373,15325020,14032881,14032881,,,86.5,6,80.5,41.4,38.4,38.4,,,30500488,937246,29563242,15079008,14032857,14032857,,,89.3,2.7,86.6,44.2,41.7,41.7,,
1/30/2022,1,Canada,Canada,32139822,2034316,30105506,14327529,15319630,15319630,,,82.6,5.2,77.3,36.8,39.9,39.9,,,28399475,814286,27585189,11872153,15292224,15292224,,,89.8,2.6,87.3,37.6,49.1,49.1,,,32134572,2031513,30103059,14325332,15319393,15319393,,,86.7,5.5,81.3,38.7,41.9,41.9,,,30563108,926291,29636817,13865238,15319360,15319360,,,89.5,2.7,86.8,40.6,45.5,45.5,,
2/6/2022,1,Canada,Canada,32210798,1851851,30358947,13826395,16069315,16069315,,,82.7,4.8,78,35.5,41.8,41.8,,,28441409,797532,27643877,11198317,16024300,16024300,,,90,2.5,87.4,35.4,51.4,51.4,,,32205474,1848952,30356522,13824229,16069071,16069071,,,86.9,5,81.9,37.3,44,44,,,30608391,905554,29702837,13181054,16069024,16069024,,,89.6,2.7,87,38.6,47.7,47.7,,
2/13/2022,1,Canada,Canada,32272793,1696793,30576000,13726620,16849380,16849380,,,82.9,4.4,78.5,35.3,43.3,43.3,,,28485657,778949,27706708,10947960,16758748,16758748,,,90.1,2.5,87.6,34.6,53,53,,,32267410,1693897,30573513,13724389,16849124,16849124,,,87.1,4.6,82.5,37,45.5,45.5,,,30653994,883119,29770875,12921805,16849070,16849070,,,89.8,2.6,87.2,37.8,49.3,49.3,,
2/20/2022,1,Canada,Canada,32326148,1575775,30750373,13506439,17243934,17243934,,,83,4,79,34.7,44.3,44.3,,,28521110,764832,27756278,10685782,17070496,17070496,,,90.2,2.4,87.8,33.8,54,54,,,32320758,1572962,30747796,13504132,17243664,17243664,,,87.2,4.2,83,36.5,46.5,46.5,,,30695826,865408,29830418,12586851,17243567,17243567,,,89.9,2.5,87.4,36.9,50.5,50.5,,
2/27/2022,1,Canada,Canada,32353218,1498919,30854299,13358008,17496291,17496291,,,83.1,3.9,79.3,34.3,44.9,44.9,,,28542219,753039,27789180,10534098,17255082,17255082,,,90.3,2.4,87.9,33.3,54.6,54.6,,,32347876,1496229,30851647,13355624,17496023,17496023,,,87.3,4,83.3,36.1,47.2,47.2,,,30717599,851384,29866215,12370316,17495899,17495899,,,90,2.5,87.5,36.2,51.2,51.2,,
3/6/2022,1,Canada,Canada,32372942,1447571,30925371,13274604,17650767,17650767,,,83.2,3.7,79.4,34.1,45.3,45.3,,,28559125,742017,27817108,10445259,17371849,17371849,,,90.3,2.3,88,33,54.9,54.9,,,32367523,1444939,30922584,13272084,17650500,17650500,,,87.4,3.9,83.5,35.8,47.6,47.6,,,30734720,838653,29896067,12245721,17650346,17650346,,,90,2.5,87.6,35.9,51.7,51.7,,
3/13/2022,1,Canada,Canada,32389920,1398278,30991642,13223149,17768493,17768493,,,83.2,3.6,79.6,34,45.6,45.6,,,28574512,732748,27841764,10377845,17463919,17463919,,,90.4,2.3,88.1,32.8,55.2,55.2,,,32384301,1395661,30988640,13220467,17768173,17768173,,,87.4,3.8,83.6,35.7,48,48,,,30750143,827730,29922413,12154516,17767897,17767897,,,90.1,2.4,87.6,35.6,52,52,,
3/20/2022,1,Canada,Canada,32396169,1350343,31045826,13160884,17884942,17884942,,,83.2,3.5,79.8,33.8,45.9,45.9,,,28579477,724467,27855010,10307509,17547501,17547501,,,90.4,2.3,88.1,32.6,55.5,55.5,,,32390551,1347822,31042729,13158112,17884617,17884617,,,87.4,3.6,83.8,35.5,48.3,48.3,,,30755710,818033,29937677,12053461,17884216,17884216,,,90.1,2.4,87.7,35.3,52.4,52.4,,
3/27/2022,1,Canada,Canada,32406486,1312888,31093598,13110088,17983510,17983510,,,83.2,3.4,79.9,33.7,46.2,46.2,,,28589659,717777,27871882,10245691,17626191,17626191,,,90.4,2.3,88.2,32.4,55.8,55.8,,,32400918,1310498,31090420,13107233,17983187,17983187,,,87.5,3.5,83.9,35.4,48.5,48.5,,,30765864,810215,29955649,11972963,17982686,17982686,,,90.1,2.4,87.7,35.1,52.7,52.7,,
4/3/2022,1,Canada,Canada,32417773,1286733,31131040,13053946,18077094,18077094,,,83.3,3.3,80,33.5,46.4,46.4,,,28608361,713785,27894576,10188492,17706084,17706084,,,90.5,2.3,88.2,32.2,56,56,,,32412222,1284384,31127838,13051074,18076764,18076764,,,87.5,3.5,84,35.2,48.8,48.8,,,30779749,805912,29973837,11897672,18076165,18076165,,,90.2,2.4,87.8,34.8,52.9,52.9,,
4/10/2022,1,Canada,Canada,32428772,1268869,31159903,12988998,18170905,18170905,,,83.3,3.3,80,33.4,46.7,46.7,,,28619503,711576,27907927,10121882,17786045,17786045,,,90.5,2.3,88.3,32,56.3,56.3,,,32423268,1266574,31156694,12986132,18170562,18170562,,,87.5,3.4,84.1,35.1,49,49,,,30790720,803552,29987168,11817292,18169876,18169876,,,90.2,2.4,87.8,34.6,53.2,53.2,,
4/24/2022,1,Canada,Canada,32447114,1246111,31201003,12856092,18344911,18344911,,,83.4,3.2,80.2,33,47.1,47.1,,,28639882,710383,27929499,9993333,17936166,17936166,,,90.6,2.2,88.3,31.6,56.7,56.7,,,32441595,1243849,31197746,12853196,18344550,18344550,,,87.6,3.4,84.2,34.7,49.5,49.5,,,30810573,802631,30007942,11664207,18343735,18343735,,,90.2,2.4,87.9,34.2,53.7,53.7,,
5/8/2022,1,Canada,Canada,32457819,1229114,31228705,12741397,18487308,16743722,1743586,,83.4,3.2,80.2,32.7,47.5,43,6.2,,28663071,710258,27952813,9888897,18063916,16320731,1743185,,90.7,2.2,88.4,31.3,57.1,51.6,7.7,,32452269,1226855,31225414,12738514,18486900,16743446,1743454,,87.6,3.3,84.3,34.4,49.9,45.2,6.5,,30829301,802611,30026690,11540748,18485942,16742489,1743453,,90.3,2.4,87.9,33.8,54.1,49,7.1,
5/22/2022,1,Canada,Canada,32479479,1222878,31256601,12667746,18588855,16230525,2358330,,83.4,3.1,80.3,32.5,47.8,41.7,6.9,,28689399,714451,27974948,9819230,18155718,15797866,2357852,,90.7,2.3,88.5,31.1,57.4,50,8.4,,32473942,1220680,31253262,12664845,18588417,16230242,2358175,,87.7,3.3,84.4,34.2,50.2,43.8,7.2,,30855154,807788,30047366,11460133,18587233,16229059,2358174,,90.4,2.4,88,33.6,54.4,47.5,7.8,
6/19/2022,1,Canada,Canada,32510831,1199438,31311393,12585683,18725710,15675492,3050218,,83.5,3.1,80.4,32.3,48.1,40.3,8.9,,28731483,709528,28021955,9743720,18278235,15228656,3049579,,90.9,2.2,88.6,30.8,57.8,48.2,10.9,,32505455,1197346,31308109,12582892,18725217,15675206,3050011,,87.7,3.2,84.5,34,50.5,42.3,9.3,,30895903,802990,30092913,11369173,18723740,15673730,3050010,,90.5,2.4,88.1,33.3,54.8,45.9,10.1,
7/17/2022,1,Canada,Canada,32521411,1183642,31337769,12488169,18849600,15130942,3718658,,83.5,3,80.5,32.1,48.4,38.9,10.8,,28756634,707466,28049168,9663693,18385475,14667686,3717789,,91,2.2,88.7,30.6,58.2,46.4,13.2,,32516090,1181618,31334472,12485351,18849121,15130641,3718480,,87.8,3.2,84.6,33.7,50.9,40.8,11.4,,30917661,800925,30116736,11269369,18847367,15128888,3718479,,90.6,2.3,88.2,33,55.2,44.3,12.3,
8/14/2022,1,Canada,Canada,32209987,2678922,24206658,10514680,19016385,15556531,3459854,6636047,82.7,6.9,80.1,27,48.9,40,11.4,17.3,28425743,2148850,21704562,7646813,18630080,15172190,3457890,6014061,89.9,6.8,88.5,24.2,58.9,48,14.1,19.3,32146820,2621845,24201145,10510349,19014626,15555367,3459259,6633015,86.8,7.1,84.1,28.4,51.3,42,12,18.2,30571717,2254390,23294851,9303382,19013945,15554687,3459258,6329088,89.5,6.6,87.8,27.2,55.7,45.6,13,18.8
9/11/2022,1,Canada,Canada,32287214,2709592,24235319,10415256,19162366,14946892,4215474,6676165,82.9,7,80.2,26.8,49.2,38.4,10.8,17.1,28459193,2142054,21728243,7611038,18706101,14493862,4212239,6251505,90,6.8,88.6,24.1,59.2,45.8,13.3,19.8,32176255,2606058,24228845,10409710,19160487,14945621,4214866,6671966,86.9,7,84.2,28.1,51.7,40.3,11.4,18,30603641,2245196,23316112,9245749,19112696,14897849,4214847,6460688,89.6,6.6,87.9,27.1,56,43.6,12.3,18.9
10/9/2022,1,Canada,Canada,32323268,2699178,24263770,10321885,19302205,13693149,5609056,6721415,83,6.9,80.3,26.5,49.6,35.2,14.4,17.3,28488668,2136508,21748465,7570026,18782134,13178731,5603403,6333622,90.1,6.8,88.6,23.9,59.4,41.7,17.7,20,32193342,2593104,24244193,10300037,19300201,13691728,5608473,6701104,86.9,7,84.3,27.8,52.1,37,15.1,18.1,30630549,2237656,23332553,9193503,19199390,13590955,5608435,6492926,89.7,6.6,88,26.9,56.2,39.8,16.4,19
11/6/2022,1,Canada,Canada,32358195,2676205,24303782,10220253,19461737,12182598,7279139,7775026,83.1,6.9,80.4,26.3,50,31.3,18.7,20,28521805,2132882,21770653,7504936,18883987,11652331,7231656,7308977,90.2,6.7,88.7,23.7,59.7,36.9,22.9,23.1,32211623,2581056,24259936,10171491,19459076,12180758,7278318,7727084,86.9,7,84.3,27.5,52.5,32.9,19.6,20.9,30660165,2232410,23349943,9107433,19320322,12042131,7278191,7501386,89.8,6.5,88.1,26.7,56.6,35.3,21.3,22
12/4/2022,1,Canada,Canada,32408780,2670476,24345527,10110233,19628071,11083500,8544571,8928438,83.3,6.9,80.5,26,50.4,28.5,21.9,22.9,28564318,2132344,21798817,7452037,18979937,10521951,8457986,8366140,90.4,6.7,88.8,23.6,60,33.3,26.8,26.5,32242057,2576325,24282927,10040755,19624977,11081369,8543608,8859534,87,7,84.4,27.1,53,29.9,23.1,23.9,30699687,2234107,23373560,9020760,19444820,10901479,8543341,8602822,89.9,6.5,88.1,26.4,57,31.9,25,25.2
1/1/2023,1,Canada,Canada,32432766,2660851,24367850,10051459,19720456,10599469,9120987,9713112,83.3,6.8,80.6,25.8,50.7,27.2,23.4,25,28591469,2122886,21821971,7435133,19033450,10016650,9016800,9070402,90.4,6.7,88.9,23.5,60.2,31.7,28.5,28.7,32253343,2566205,24294600,9970021,19717117,10597231,9119886,9631427,87.1,6.9,84.4,26.9,53.2,28.6,24.6,26,30721729,2227344,23389922,8978654,19515731,10396817,9118914,9344528,90,6.5,88.2,26.3,57.2,30.5,26.7,27.4
1/29/2023,1,Canada,Canada,32452863,2664908,24385395,10009412,19778543,10361001,9417542,9358125,83.4,6.8,80.7,25.7,50.8,26.6,24.2,24,28615963,2131843,21835586,7414729,19069391,9766062,9303329,8709048,90.5,6.7,89,23.5,60.3,30.9,29.4,27.5,32265114,2574841,24300776,9915263,19775010,10358616,9416394,9264177,87.1,7,84.5,26.8,53.4,28,25.4,25,30742242,2239605,23398770,8945016,19557621,10143800,9413821,8973296,90,6.6,88.2,26.2,57.3,29.7,27.6,26.3
2/26/2023,1,Canada,Canada,32458765,2658020,24396513,10011072,19789673,10274636,9515037,8705405,83.4,6.8,80.7,25.7,50.8,26.4,24.4,22.4,28637091,2134310,21850458,7426790,19075991,9680660,9395331,8086312,90.6,6.8,89.1,23.5,60.3,30.6,29.7,25.6,32269493,2574741,24304405,9908801,19785951,10272218,9513733,8604103,87.1,6.9,84.5,26.7,53.4,27.7,25.7,23.2,30759014,2242897,23407972,8950005,19566112,10055961,9510151,8328297,90.1,6.6,88.3,26.2,57.3,29.5,27.9,24.4
